word	fresh	ruContext	enContext	convertedRU	convertedEN
ghbdtn	ru	ru	ru	привет	ghbdtn
ghbdtn!	unsure	unsure	unsure	привет!	ghbdtn!
ghbdtn?	unsure	unsure	unsure	привет?	ghbdtn?
ghbdtn?!	unsure	unsure	unsure	привет?!	ghbdtn?!
(ghbdtn)	unsure	unsure	unsure	(привет)	(ghbdtn)
(ghbdtn)!	unsure	unsure	unsure	(привет)!	(ghbdtn)!
((ghbdtn))	unsure	unsure	unsure	((привет))	((ghbdtn))
(ghbdtn	unsure	unsure	unsure	(привет	(ghbdtn
ghbdtn)	unsure	unsure	unsure	привет)	ghbdtn)
!ghbdtn	unsure	unsure	unsure	!привет	!ghbdtn
?ghbdtn	unsure	unsure	unsure	?привет	?ghbdtn
ghbdtn()	unsure	unsure	unsure	привет()	ghbdtn()
ghbdtn,	ru	ru	ru	приветб	ghbdtn,
ghbdtn.	ru	ru	ru	приветю	ghbdtn.
ghbdtn;	ru	ru	ru	приветж	ghbdtn;
"ghbdtn"	ru	ru	ru	ЭприветЭ	"ghbdtn"
'ghbdtn'	ru	ru	ru	эприветэ	'ghbdtn'
rfr	ru	ru	ru	как	rfr
rfr!	unsure	unsure	unsure	как!	rfr!
rfr?	unsure	unsure	unsure	как?	rfr?
rfr?!	unsure	unsure	unsure	как?!	rfr?!
(rfr)	unsure	unsure	unsure	(как)	(rfr)
(rfr)!	unsure	unsure	unsure	(как)!	(rfr)!
((rfr))	unsure	unsure	unsure	((как))	((rfr))
(rfr	unsure	unsure	unsure	(как	(rfr
rfr)	unsure	unsure	unsure	как)	rfr)
!rfr	unsure	unsure	unsure	!как	!rfr
?rfr	unsure	unsure	unsure	?как	?rfr
rfr()	unsure	unsure	unsure	как()	rfr()
rfr,	ru	ru	ru	какб	rfr,
rfr.	ru	ru	ru	какю	rfr.
rfr;	ru	ru	ru	какж	rfr;
"rfr"	ru	ru	ru	ЭкакЭ	"rfr"
'rfr'	unsure	unsure	unsure	экакэ	'rfr'
yt	ru	ru	ru	не	yt
yt!	unsure	unsure	unsure	не!	yt!
yt?	unsure	unsure	unsure	не?	yt?
yt?!	unsure	unsure	unsure	не?!	yt?!
(yt)	unsure	unsure	unsure	(не)	(yt)
(yt)!	unsure	unsure	unsure	(не)!	(yt)!
((yt))	unsure	unsure	unsure	((не))	((yt))
(yt	unsure	unsure	unsure	(не	(yt
yt)	unsure	unsure	unsure	не)	yt)
!yt	unsure	unsure	unsure	!не	!yt
?yt	unsure	unsure	unsure	?не	?yt
yt()	unsure	unsure	unsure	не()	yt()
yt,	ru	ru	ru	неб	yt,
yt.	ru	ru	ru	нею	yt.
yt;	ru	ru	ru	неж	yt;
"yt"	unsure	unsure	unsure	ЭнеЭ	"yt"
'yt'	unsure	unsure	unsure	энеэ	'yt'
b	ru	ru	unsure	и	b
b!	unsure	unsure	unsure	и!	b!
b?	unsure	unsure	unsure	и?	b?
b?!	unsure	unsure	unsure	и?!	b?!
(b)	unsure	unsure	unsure	(и)	(b)
(b)!	unsure	unsure	unsure	(и)!	(b)!
((b))	unsure	unsure	unsure	((и))	((b))
(b	unsure	unsure	unsure	(и	(b
b)	unsure	unsure	unsure	и)	b)
!b	unsure	unsure	unsure	!и	!b
?b	unsure	unsure	unsure	?и	?b
b()	unsure	unsure	unsure	и()	b()
b,	unsure	unsure	unsure	иб	b,
b.	unsure	unsure	unsure	ию	b.
b;	unsure	unsure	unsure	иж	b;
"b"	unsure	unsure	unsure	ЭиЭ	"b"
'b'	unsure	unsure	unsure	эиэ	'b'
z	ru	ru	unsure	я	z
z!	unsure	unsure	unsure	я!	z!
z?	unsure	unsure	unsure	я?	z?
z?!	unsure	unsure	unsure	я?!	z?!
(z)	unsure	unsure	unsure	(я)	(z)
(z)!	unsure	unsure	unsure	(я)!	(z)!
((z))	unsure	unsure	unsure	((я))	((z))
(z	unsure	unsure	unsure	(я	(z
z)	unsure	unsure	unsure	я)	z)
!z	unsure	unsure	unsure	!я	!z
?z	unsure	unsure	unsure	?я	?z
z()	unsure	unsure	unsure	я()	z()
z,	unsure	unsure	unsure	яб	z,
z.	unsure	unsure	unsure	яю	z.
z;	unsure	unsure	unsure	яж	z;
"z"	unsure	unsure	unsure	ЭяЭ	"z"
'z'	unsure	unsure	unsure	эяэ	'z'
d	unsure	ru	unsure	в	d
d!	unsure	unsure	unsure	в!	d!
d?	unsure	unsure	unsure	в?	d?
d?!	unsure	unsure	unsure	в?!	d?!
(d)	unsure	unsure	unsure	(в)	(d)
(d)!	unsure	unsure	unsure	(в)!	(d)!
((d))	unsure	unsure	unsure	((в))	((d))
(d	unsure	unsure	unsure	(в	(d
d)	unsure	unsure	unsure	в)	d)
!d	unsure	unsure	unsure	!в	!d
?d	unsure	unsure	unsure	?в	?d
d()	unsure	unsure	unsure	в()	d()
d,	unsure	unsure	unsure	вб	d,
d.	unsure	unsure	unsure	вю	d.
d;	unsure	unsure	unsure	вж	d;
"d"	unsure	unsure	unsure	ЭвЭ	"d"
'd'	unsure	unsure	unsure	эвэ	'd'
f	unsure	ru	unsure	а	f
f!	unsure	unsure	unsure	а!	f!
f?	unsure	unsure	unsure	а?	f?
f?!	unsure	unsure	unsure	а?!	f?!
(f)	unsure	unsure	unsure	(а)	(f)
(f)!	unsure	unsure	unsure	(а)!	(f)!
((f))	unsure	unsure	unsure	((а))	((f))
(f	unsure	unsure	unsure	(а	(f
f)	unsure	unsure	unsure	а)	f)
!f	unsure	unsure	unsure	!а	!f
?f	unsure	unsure	unsure	?а	?f
f()	unsure	unsure	unsure	а()	f()
f,	unsure	unsure	unsure	аб	f,
f.	unsure	unsure	unsure	аю	f.
f;	ru	ru	ru	аж	f;
"f"	unsure	unsure	unsure	ЭаЭ	"f"
'f'	unsure	unsure	unsure	эаэ	'f'
c	unsure	ru	unsure	с	c
c!	unsure	unsure	unsure	с!	c!
c?	unsure	unsure	unsure	с?	c?
c?!	unsure	unsure	unsure	с?!	c?!
(c)	unsure	unsure	unsure	(с)	(c)
(c)!	unsure	unsure	unsure	(с)!	(c)!
((c))	unsure	unsure	unsure	((с))	((c))
(c	unsure	unsure	unsure	(с	(c
c)	unsure	unsure	unsure	с)	c)
!c	unsure	unsure	unsure	!с	!c
?c	unsure	unsure	unsure	?с	?c
c()	unsure	unsure	unsure	с()	c()
c,	unsure	unsure	unsure	сб	c,
c.	unsure	unsure	unsure	сю	c.
c;	unsure	unsure	unsure	сж	c;
"c"	unsure	unsure	unsure	ЭсЭ	"c"
'c'	unsure	unsure	unsure	эсэ	'c'
e	unsure	ru	unsure	у	e
e!	unsure	unsure	unsure	у!	e!
e?	unsure	unsure	unsure	у?	e?
e?!	unsure	unsure	unsure	у?!	e?!
(e)	unsure	unsure	unsure	(у)	(e)
(e)!	unsure	unsure	unsure	(у)!	(e)!
((e))	unsure	unsure	unsure	((у))	((e))
(e	unsure	unsure	unsure	(у	(e
e)	unsure	unsure	unsure	у)	e)
!e	unsure	unsure	unsure	!у	!e
?e	unsure	unsure	unsure	?у	?e
e()	unsure	unsure	unsure	у()	e()
e,	unsure	unsure	unsure	уб	e,
e.	unsure	unsure	unsure	ую	e.
e;	ru	ru	ru	уж	e;
"e"	unsure	unsure	unsure	ЭуЭ	"e"
'e'	unsure	unsure	unsure	эуэ	'e'
r	unsure	ru	unsure	к	r
r!	unsure	unsure	unsure	к!	r!
r?	unsure	unsure	unsure	к?	r?
r?!	unsure	unsure	unsure	к?!	r?!
(r)	unsure	unsure	unsure	(к)	(r)
(r)!	unsure	unsure	unsure	(к)!	(r)!
((r))	unsure	unsure	unsure	((к))	((r))
(r	unsure	unsure	unsure	(к	(r
r)	unsure	unsure	unsure	к)	r)
!r	unsure	unsure	unsure	!к	!r
?r	unsure	unsure	unsure	?к	?r
r()	unsure	unsure	unsure	к()	r()
r,	unsure	unsure	unsure	кб	r,
r.	unsure	unsure	unsure	кю	r.
r;	unsure	unsure	unsure	кж	r;
"r"	unsure	unsure	unsure	ЭкЭ	"r"
'r'	unsure	unsure	unsure	экэ	'r'
j	unsure	ru	unsure	о	j
j!	unsure	unsure	unsure	о!	j!
j?	unsure	unsure	unsure	о?	j?
j?!	unsure	unsure	unsure	о?!	j?!
(j)	unsure	unsure	unsure	(о)	(j)
(j)!	unsure	unsure	unsure	(о)!	(j)!
((j))	unsure	unsure	unsure	((о))	((j))
(j	unsure	unsure	unsure	(о	(j
j)	unsure	unsure	unsure	о)	j)
!j	unsure	unsure	unsure	!о	!j
?j	unsure	unsure	unsure	?о	?j
j()	unsure	unsure	unsure	о()	j()
j,	ru	ru	ru	об	j,
j.	unsure	unsure	unsure	ою	j.
j;	unsure	unsure	unsure	ож	j;
"j"	unsure	unsure	unsure	ЭоЭ	"j"
'j'	unsure	unsure	unsure	эоэ	'j'
Rfr	ru	ru	ru	Как	Rfr
Rfr!	unsure	unsure	unsure	Как!	Rfr!
Rfr?	unsure	unsure	unsure	Как?	Rfr?
Rfr?!	unsure	unsure	unsure	Как?!	Rfr?!
(Rfr)	unsure	unsure	unsure	(Как)	(Rfr)
(Rfr)!	unsure	unsure	unsure	(Как)!	(Rfr)!
((Rfr))	unsure	unsure	unsure	((Как))	((Rfr))
(Rfr	unsure	unsure	unsure	(Как	(Rfr
Rfr)	unsure	unsure	unsure	Как)	Rfr)
!Rfr	unsure	unsure	unsure	!Как	!Rfr
?Rfr	unsure	unsure	unsure	?Как	?Rfr
Rfr()	unsure	unsure	unsure	Как()	Rfr()
Rfr,	ru	ru	ru	Какб	Rfr,
Rfr.	ru	ru	ru	Какю	Rfr.
Rfr;	ru	ru	ru	Какж	Rfr;
"Rfr"	ru	ru	ru	ЭКакЭ	"Rfr"
'Rfr'	unsure	unsure	unsure	эКакэ	'Rfr'
GHBDTN	ru	ru	ru	ПРИВЕТ	GHBDTN
GHBDTN!	unsure	unsure	unsure	ПРИВЕТ!	GHBDTN!
GHBDTN?	unsure	unsure	unsure	ПРИВЕТ?	GHBDTN?
GHBDTN?!	unsure	unsure	unsure	ПРИВЕТ?!	GHBDTN?!
(GHBDTN)	unsure	unsure	unsure	(ПРИВЕТ)	(GHBDTN)
(GHBDTN)!	unsure	unsure	unsure	(ПРИВЕТ)!	(GHBDTN)!
((GHBDTN))	unsure	unsure	unsure	((ПРИВЕТ))	((GHBDTN))
(GHBDTN	unsure	unsure	unsure	(ПРИВЕТ	(GHBDTN
GHBDTN)	unsure	unsure	unsure	ПРИВЕТ)	GHBDTN)
!GHBDTN	unsure	unsure	unsure	!ПРИВЕТ	!GHBDTN
?GHBDTN	unsure	unsure	unsure	?ПРИВЕТ	?GHBDTN
GHBDTN()	unsure	unsure	unsure	ПРИВЕТ()	GHBDTN()
GHBDTN,	ru	ru	ru	ПРИВЕТб	GHBDTN,
GHBDTN.	ru	ru	ru	ПРИВЕТю	GHBDTN.
GHBDTN;	ru	ru	ru	ПРИВЕТж	GHBDTN;
"GHBDTN"	ru	ru	ru	ЭПРИВЕТЭ	"GHBDTN"
'GHBDTN'	ru	ru	ru	эПРИВЕТэ	'GHBDTN'
hello	unsure	unsure	unsure	руддщ	hello
hello!	unsure	unsure	unsure	руддщ!	hello!
hello?	unsure	unsure	unsure	руддщ?	hello?
hello?!	unsure	unsure	unsure	руддщ?!	hello?!
(hello)	unsure	unsure	unsure	(руддщ)	(hello)
(hello)!	unsure	unsure	unsure	(руддщ)!	(hello)!
((hello))	unsure	unsure	unsure	((руддщ))	((hello))
(hello	unsure	unsure	unsure	(руддщ	(hello
hello)	unsure	unsure	unsure	руддщ)	hello)
!hello	unsure	unsure	unsure	!руддщ	!hello
?hello	unsure	unsure	unsure	?руддщ	?hello
hello()	unsure	unsure	unsure	руддщ()	hello()
hello,	unsure	unsure	unsure	руддщб	hello,
hello.	unsure	unsure	unsure	руддщю	hello.
hello;	unsure	unsure	unsure	руддщж	hello;
"hello"	unsure	unsure	unsure	ЭруддщЭ	"hello"
'hello'	unsure	unsure	unsure	эруддщэ	'hello'
ozon	unsure	unsure	unsure	щящт	ozon
ozon!	unsure	unsure	unsure	щящт!	ozon!
ozon?	unsure	unsure	unsure	щящт?	ozon?
ozon?!	unsure	unsure	unsure	щящт?!	ozon?!
(ozon)	unsure	unsure	unsure	(щящт)	(ozon)
(ozon)!	unsure	unsure	unsure	(щящт)!	(ozon)!
((ozon))	unsure	unsure	unsure	((щящт))	((ozon))
(ozon	unsure	unsure	unsure	(щящт	(ozon
ozon)	unsure	unsure	unsure	щящт)	ozon)
!ozon	unsure	unsure	unsure	!щящт	!ozon
?ozon	unsure	unsure	unsure	?щящт	?ozon
ozon()	unsure	unsure	unsure	щящт()	ozon()
ozon,	unsure	unsure	unsure	щящтб	ozon,
ozon.	unsure	unsure	unsure	щящтю	ozon.
ozon;	unsure	unsure	unsure	щящтж	ozon;
"ozon"	unsure	unsure	unsure	ЭщящтЭ	"ozon"
'ozon'	unsure	unsure	unsure	эщящтэ	'ozon'
OZON	unsure	unsure	unsure	ЩЯЩТ	OZON
OZON!	unsure	unsure	unsure	ЩЯЩТ!	OZON!
OZON?	unsure	unsure	unsure	ЩЯЩТ?	OZON?
OZON?!	unsure	unsure	unsure	ЩЯЩТ?!	OZON?!
(OZON)	unsure	unsure	unsure	(ЩЯЩТ)	(OZON)
(OZON)!	unsure	unsure	unsure	(ЩЯЩТ)!	(OZON)!
((OZON))	unsure	unsure	unsure	((ЩЯЩТ))	((OZON))
(OZON	unsure	unsure	unsure	(ЩЯЩТ	(OZON
OZON)	unsure	unsure	unsure	ЩЯЩТ)	OZON)
!OZON	unsure	unsure	unsure	!ЩЯЩТ	!OZON
?OZON	unsure	unsure	unsure	?ЩЯЩТ	?OZON
OZON()	unsure	unsure	unsure	ЩЯЩТ()	OZON()
OZON,	unsure	unsure	unsure	ЩЯЩТб	OZON,
OZON.	unsure	unsure	unsure	ЩЯЩТю	OZON.
OZON;	unsure	unsure	unsure	ЩЯЩТж	OZON;
"OZON"	unsure	unsure	unsure	ЭЩЯЩТЭ	"OZON"
'OZON'	unsure	unsure	unsure	эЩЯЩТэ	'OZON'
api	unsure	unsure	unsure	фзш	api
api!	unsure	unsure	unsure	фзш!	api!
api?	unsure	unsure	unsure	фзш?	api?
api?!	unsure	unsure	unsure	фзш?!	api?!
(api)	unsure	unsure	unsure	(фзш)	(api)
(api)!	unsure	unsure	unsure	(фзш)!	(api)!
((api))	unsure	unsure	unsure	((фзш))	((api))
(api	unsure	unsure	unsure	(фзш	(api
api)	unsure	unsure	unsure	фзш)	api)
!api	unsure	unsure	unsure	!фзш	!api
?api	unsure	unsure	unsure	?фзш	?api
api()	unsure	unsure	unsure	фзш()	api()
api,	unsure	unsure	unsure	фзшб	api,
api.	unsure	unsure	unsure	фзшю	api.
api;	unsure	unsure	unsure	фзшж	api;
"api"	unsure	unsure	unsure	ЭфзшЭ	"api"
'api'	unsure	unsure	unsure	эфзшэ	'api'
BBC	ru	ru	ru	ИИС	BBC
BBC!	unsure	unsure	unsure	ИИС!	BBC!
BBC?	unsure	unsure	unsure	ИИС?	BBC?
BBC?!	unsure	unsure	unsure	ИИС?!	BBC?!
(BBC)	unsure	unsure	unsure	(ИИС)	(BBC)
(BBC)!	unsure	unsure	unsure	(ИИС)!	(BBC)!
((BBC))	unsure	unsure	unsure	((ИИС))	((BBC))
(BBC	unsure	unsure	unsure	(ИИС	(BBC
BBC)	unsure	unsure	unsure	ИИС)	BBC)
!BBC	unsure	unsure	unsure	!ИИС	!BBC
?BBC	unsure	unsure	unsure	?ИИС	?BBC
BBC()	unsure	unsure	unsure	ИИС()	BBC()
BBC,	unsure	unsure	unsure	ИИСб	BBC,
BBC.	unsure	unsure	unsure	ИИСю	BBC.
BBC;	unsure	unsure	unsure	ИИСж	BBC;
"BBC"	unsure	unsure	unsure	ЭИИСЭ	"BBC"
'BBC'	unsure	unsure	unsure	эИИСэ	'BBC'
xml	ru	ru	ru	чьд	xml
xml!	unsure	unsure	unsure	чьд!	xml!
xml?	unsure	unsure	unsure	чьд?	xml?
xml?!	unsure	unsure	unsure	чьд?!	xml?!
(xml)	unsure	unsure	unsure	(чьд)	(xml)
(xml)!	unsure	unsure	unsure	(чьд)!	(xml)!
((xml))	unsure	unsure	unsure	((чьд))	((xml))
(xml	unsure	unsure	unsure	(чьд	(xml
xml)	unsure	unsure	unsure	чьд)	xml)
!xml	unsure	unsure	unsure	!чьд	!xml
?xml	unsure	unsure	unsure	?чьд	?xml
xml()	unsure	unsure	unsure	чьд()	xml()
xml,	unsure	unsure	unsure	чьдб	xml,
xml.	unsure	unsure	unsure	чьдю	xml.
xml;	unsure	unsure	unsure	чьдж	xml;
"xml"	unsure	unsure	unsure	ЭчьдЭ	"xml"
'xml'	unsure	unsure	unsure	эчьдэ	'xml'
jq	ru	ru	ru	ой	jq
jq!	unsure	unsure	unsure	ой!	jq!
jq?	unsure	unsure	unsure	ой?	jq?
jq?!	unsure	unsure	unsure	ой?!	jq?!
(jq)	unsure	unsure	unsure	(ой)	(jq)
(jq)!	unsure	unsure	unsure	(ой)!	(jq)!
((jq))	unsure	unsure	unsure	((ой))	((jq))
(jq	unsure	unsure	unsure	(ой	(jq
jq)	unsure	unsure	unsure	ой)	jq)
!jq	unsure	unsure	unsure	!ой	!jq
?jq	unsure	unsure	unsure	?ой	?jq
jq()	unsure	unsure	unsure	ой()	jq()
jq,	ru	ru	ru	ойб	jq,
jq.	ru	ru	ru	ойю	jq.
jq;	ru	ru	ru	ойж	jq;
"jq"	unsure	unsure	unsure	ЭойЭ	"jq"
'jq'	unsure	unsure	unsure	эойэ	'jq'
ns	ru	ru	ru	ты	ns
ns!	unsure	unsure	unsure	ты!	ns!
ns?	unsure	unsure	unsure	ты?	ns?
ns?!	unsure	unsure	unsure	ты?!	ns?!
(ns)	unsure	unsure	unsure	(ты)	(ns)
(ns)!	unsure	unsure	unsure	(ты)!	(ns)!
((ns))	unsure	unsure	unsure	((ты))	((ns))
(ns	unsure	unsure	unsure	(ты	(ns
ns)	unsure	unsure	unsure	ты)	ns)
!ns	unsure	unsure	unsure	!ты	!ns
?ns	unsure	unsure	unsure	?ты	?ns
ns()	unsure	unsure	unsure	ты()	ns()
ns,	ru	ru	ru	тыб	ns,
ns.	ru	ru	ru	тыю	ns.
ns;	ru	ru	ru	тыж	ns;
"ns"	ru	ru	ru	ЭтыЭ	"ns"
'ns'	ru	ru	ru	этыэ	'ns'
привет	unsure	unsure	unsure	привет	ghbdtn
привет!	unsure	unsure	unsure	привет!	ghbdtn!
привет?	unsure	unsure	unsure	привет?	ghbdtn?
привет?!	unsure	unsure	unsure	привет?!	ghbdtn?!
(привет)	unsure	unsure	unsure	(привет)	(ghbdtn)
(привет)!	unsure	unsure	unsure	(привет)!	(ghbdtn)!
((привет))	unsure	unsure	unsure	((привет))	((ghbdtn))
(привет	unsure	unsure	unsure	(привет	(ghbdtn
привет)	unsure	unsure	unsure	привет)	ghbdtn)
!привет	unsure	unsure	unsure	!привет	!ghbdtn
?привет	unsure	unsure	unsure	?привет	?ghbdtn
привет()	unsure	unsure	unsure	привет()	ghbdtn()
привет,	unsure	unsure	unsure	приветб	ghbdtn,
привет.	unsure	unsure	unsure	приветю	ghbdtn.
привет;	unsure	unsure	unsure	приветж	ghbdtn;
"привет"	unsure	unsure	unsure	ЭприветЭ	"ghbdtn"
'привет'	unsure	unsure	unsure	эприветэ	'ghbdtn'
файл	en	en	en	файл	afqk
файл!	unsure	unsure	unsure	файл!	afqk!
файл?	unsure	unsure	unsure	файл?	afqk?
файл?!	unsure	unsure	unsure	файл?!	afqk?!
(файл)	unsure	unsure	unsure	(файл)	(afqk)
(файл)!	unsure	unsure	unsure	(файл)!	(afqk)!
((файл))	unsure	unsure	unsure	((файл))	((afqk))
(файл	unsure	unsure	unsure	(файл	(afqk
файл)	unsure	unsure	unsure	файл)	afqk)
!файл	unsure	unsure	unsure	!файл	!afqk
?файл	unsure	unsure	unsure	?файл	?afqk
файл()	unsure	unsure	unsure	файл()	afqk()
файл,	unsure	unsure	unsure	файлб	afqk,
файл.	unsure	unsure	unsure	файлю	afqk.
файл;	unsure	unsure	unsure	файлж	afqk;
"файл"	unsure	unsure	unsure	ЭфайлЭ	"afqk"
'файл'	unsure	unsure	unsure	эфайлэ	'afqk'
и	unsure	unsure	unsure	и	b
и!	unsure	unsure	unsure	и!	b!
и?	unsure	unsure	unsure	и?	b?
и?!	unsure	unsure	unsure	и?!	b?!
(и)	unsure	unsure	unsure	(и)	(b)
(и)!	unsure	unsure	unsure	(и)!	(b)!
((и))	unsure	unsure	unsure	((и))	((b))
(и	unsure	unsure	unsure	(и	(b
и)	unsure	unsure	unsure	и)	b)
!и	unsure	unsure	unsure	!и	!b
?и	unsure	unsure	unsure	?и	?b
и()	unsure	unsure	unsure	и()	b()
и,	unsure	unsure	unsure	иб	b,
и.	unsure	unsure	unsure	ию	b.
и;	unsure	unsure	unsure	иж	b;
"и"	unsure	unsure	unsure	ЭиЭ	"b"
'и'	unsure	unsure	unsure	эиэ	'b'
я	unsure	unsure	unsure	я	z
я!	unsure	unsure	unsure	я!	z!
я?	unsure	unsure	unsure	я?	z?
я?!	unsure	unsure	unsure	я?!	z?!
(я)	unsure	unsure	unsure	(я)	(z)
(я)!	unsure	unsure	unsure	(я)!	(z)!
((я))	unsure	unsure	unsure	((я))	((z))
(я	unsure	unsure	unsure	(я	(z
я)	unsure	unsure	unsure	я)	z)
!я	unsure	unsure	unsure	!я	!z
?я	unsure	unsure	unsure	?я	?z
я()	unsure	unsure	unsure	я()	z()
я,	unsure	unsure	unsure	яб	z,
я.	unsure	unsure	unsure	яю	z.
я;	unsure	unsure	unsure	яж	z;
"я"	unsure	unsure	unsure	ЭяЭ	"z"
'я'	unsure	unsure	unsure	эяэ	'z'
руддщ	en	en	en	руддщ	hello
руддщ!	unsure	unsure	unsure	руддщ!	hello!
руддщ?	unsure	unsure	unsure	руддщ?	hello?
руддщ?!	unsure	unsure	unsure	руддщ?!	hello?!
(руддщ)	unsure	unsure	unsure	(руддщ)	(hello)
(руддщ)!	unsure	unsure	unsure	(руддщ)!	(hello)!
((руддщ))	unsure	unsure	unsure	((руддщ))	((hello))
(руддщ	unsure	unsure	unsure	(руддщ	(hello
руддщ)	unsure	unsure	unsure	руддщ)	hello)
!руддщ	unsure	unsure	unsure	!руддщ	!hello
?руддщ	unsure	unsure	unsure	?руддщ	?hello
руддщ()	unsure	unsure	unsure	руддщ()	hello()
руддщ,	unsure	unsure	unsure	руддщб	hello,
руддщ.	unsure	unsure	unsure	руддщю	hello.
руддщ;	unsure	unsure	unsure	руддщж	hello;
"руддщ"	unsure	unsure	unsure	ЭруддщЭ	"hello"
'руддщ'	unsure	unsure	unsure	эруддщэ	'hello'
ерфе	en	en	en	ерфе	that
ерфе!	unsure	unsure	unsure	ерфе!	that!
ерфе?	unsure	unsure	unsure	ерфе?	that?
ерфе?!	unsure	unsure	unsure	ерфе?!	that?!
(ерфе)	unsure	unsure	unsure	(ерфе)	(that)
(ерфе)!	unsure	unsure	unsure	(ерфе)!	(that)!
((ерфе))	unsure	unsure	unsure	((ерфе))	((that))
(ерфе	unsure	unsure	unsure	(ерфе	(that
ерфе)	unsure	unsure	unsure	ерфе)	that)
!ерфе	unsure	unsure	unsure	!ерфе	!that
?ерфе	unsure	unsure	unsure	?ерфе	?that
ерфе()	unsure	unsure	unsure	ерфе()	that()
ерфе,	unsure	unsure	unsure	ерфеб	that,
ерфе.	unsure	unsure	unsure	ерфею	that.
ерфе;	unsure	unsure	unsure	ерфеж	that;
"ерфе"	unsure	unsure	unsure	ЭерфеЭ	"that"
'ерфе'	unsure	unsure	unsure	эерфеэ	'that'
cgfcb,j	ru	ru	ru	спасибо	cgfcb,j
cgfcb,j!	unsure	unsure	unsure	спасибо!	cgfcb,j!
cgfcb,j?	unsure	unsure	unsure	спасибо?	cgfcb,j?
cgfcb,j?!	unsure	unsure	unsure	спасибо?!	cgfcb,j?!
(cgfcb,j)	unsure	unsure	unsure	(спасибо)	(cgfcb,j)
(cgfcb,j)!	unsure	unsure	unsure	(спасибо)!	(cgfcb,j)!
((cgfcb,j))	unsure	unsure	unsure	((спасибо))	((cgfcb,j))
(cgfcb,j	unsure	unsure	unsure	(спасибо	(cgfcb,j
cgfcb,j)	unsure	unsure	unsure	спасибо)	cgfcb,j)
!cgfcb,j	unsure	unsure	unsure	!спасибо	!cgfcb,j
?cgfcb,j	unsure	unsure	unsure	?спасибо	?cgfcb,j
cgfcb,j()	unsure	unsure	unsure	спасибо()	cgfcb,j()
cgfcb,j,	ru	ru	ru	спасибоб	cgfcb,j,
cgfcb,j.	ru	ru	ru	спасибою	cgfcb,j.
cgfcb,j;	ru	ru	ru	спасибож	cgfcb,j;
"cgfcb,j"	ru	ru	ru	ЭспасибоЭ	"cgfcb,j"
'cgfcb,j'	ru	ru	ru	эспасибоэ	'cgfcb,j'
k.,k.	unsure	unsure	unsure	люблю	k.,k.
k.,k.!	unsure	unsure	unsure	люблю!	k.,k.!
k.,k.?	unsure	unsure	unsure	люблю?	k.,k.?
k.,k.?!	unsure	unsure	unsure	люблю?!	k.,k.?!
(k.,k.)	unsure	unsure	unsure	(люблю)	(k.,k.)
(k.,k.)!	unsure	unsure	unsure	(люблю)!	(k.,k.)!
((k.,k.))	unsure	unsure	unsure	((люблю))	((k.,k.))
(k.,k.	unsure	unsure	unsure	(люблю	(k.,k.
k.,k.)	unsure	unsure	unsure	люблю)	k.,k.)
!k.,k.	unsure	unsure	unsure	!люблю	!k.,k.
?k.,k.	unsure	unsure	unsure	?люблю	?k.,k.
k.,k.()	unsure	unsure	unsure	люблю()	k.,k.()
k.,k.,	unsure	unsure	unsure	люблюб	k.,k.,
k.,k..	unsure	unsure	unsure	люблюю	k.,k..
k.,k.;	unsure	unsure	unsure	люблюж	k.,k.;
"k.,k."	unsure	unsure	unsure	ЭлюблюЭ	"k.,k."
'k.,k.'	unsure	unsure	unsure	элюблюэ	'k.,k.'
x`	unsure	unsure	unsure	чё	x`
x`!	unsure	unsure	unsure	чё!	x`!
x`?	unsure	unsure	unsure	чё?	x`?
x`?!	unsure	unsure	unsure	чё?!	x`?!
(x`)	unsure	unsure	unsure	(чё)	(x`)
(x`)!	unsure	unsure	unsure	(чё)!	(x`)!
((x`))	unsure	unsure	unsure	((чё))	((x`))
(x`	unsure	unsure	unsure	(чё	(x`
x`)	unsure	unsure	unsure	чё)	x`)
!x`	unsure	unsure	unsure	!чё	!x`
?x`	unsure	unsure	unsure	?чё	?x`
x`()	unsure	unsure	unsure	чё()	x`()
x`,	unsure	unsure	unsure	чёб	x`,
x`.	unsure	unsure	unsure	чёю	x`.
x`;	unsure	unsure	unsure	чёж	x`;
"x`"	unsure	unsure	unsure	ЭчёЭ	"x`"
'x`'	unsure	unsure	unsure	эчёэ	'x`'
[v	unsure	unsure	unsure	хм	[v
[v!	unsure	unsure	unsure	хм!	[v!
[v?	unsure	unsure	unsure	хм?	[v?
[v?!	unsure	unsure	unsure	хм?!	[v?!
([v)	unsure	unsure	unsure	(хм)	([v)
([v)!	unsure	unsure	unsure	(хм)!	([v)!
(([v))	unsure	unsure	unsure	((хм))	(([v))
([v	unsure	unsure	unsure	(хм	([v
[v)	unsure	unsure	unsure	хм)	[v)
![v	unsure	unsure	unsure	!хм	![v
?[v	unsure	unsure	unsure	?хм	?[v
[v()	unsure	unsure	unsure	хм()	[v()
[v,	unsure	unsure	unsure	хмб	[v,
[v.	unsure	unsure	unsure	хмю	[v.
[v;	unsure	unsure	unsure	хмж	[v;
"[v"	unsure	unsure	unsure	ЭхмЭ	"[v"
'[v'	unsure	unsure	unsure	эхмэ	'[v'
vjuen	unsure	unsure	unsure	могут	vjuen
vjuen!	unsure	unsure	unsure	могут!	vjuen!
vjuen?	unsure	unsure	unsure	могут?	vjuen?
vjuen?!	unsure	unsure	unsure	могут?!	vjuen?!
(vjuen)	unsure	unsure	unsure	(могут)	(vjuen)
(vjuen)!	unsure	unsure	unsure	(могут)!	(vjuen)!
((vjuen))	unsure	unsure	unsure	((могут))	((vjuen))
(vjuen	unsure	unsure	unsure	(могут	(vjuen
vjuen)	unsure	unsure	unsure	могут)	vjuen)
!vjuen	unsure	unsure	unsure	!могут	!vjuen
?vjuen	unsure	unsure	unsure	?могут	?vjuen
vjuen()	unsure	unsure	unsure	могут()	vjuen()
vjuen,	ru	ru	ru	могутб	vjuen,
vjuen.	ru	ru	ru	могутю	vjuen.
vjuen;	ru	ru	ru	могутж	vjuen;
"vjuen"	unsure	unsure	unsure	ЭмогутЭ	"vjuen"
'vjuen'	unsure	unsure	unsure	эмогутэ	'vjuen'
hello_world	unsure	-	-	руддщ_цщкдв	hello_world
snake_case	unsure	-	-	ытфлу_сфыу	snake_case
camelCase	unsure	-	-	сфьудСфыу	camelCase
someVariable	unsure	-	-	ыщьуМфкшфиду	someVariable
HTTPServer	unsure	-	-	РЕЕЗЫукмук	HTTPServer
ghbdtn123	unsure	-	-	привет123	ghbdtn123
b2b	unsure	-	-	и2и	b2b
привет7	unsure	-	-	привет7	ghbdtn7
a+b=c	unsure	-	-	ф+и=с	a+b=c
node.js	unsure	-	-	тщвуюоы	node.js
example.com	unsure	-	-	учфьздуюсщь	example.com
https://example.com	unsure	-	-	реезыЖ//учфьздуюсщь	https://example.com
user@example.com	unsure	-	-	гыук@учфьздуюсщь	user@example.com
!ghbdtn	unsure	-	-	!привет	!ghbdtn
ghbdtn?key=value	unsure	-	-	привет?лун=мфдгу	ghbdtn?key=value
foo(bar)	unsure	-	-	ащщ(ифк)	foo(bar)
(api)	unsure	-	-	(фзш)	(api)
version1.0	unsure	-	-	мукышщт1ю0	version1.0
C++	unsure	-	-	С++	C++
C#	unsure	-	-	С#	C#
